cluster_agglomerative,0,1
0,68.30357142857143,31.69642857142857
1,9.58904109589041,90.41095890410958
