cluster_kmeans,0,1
0,77.56410256410257,22.435897435897438
1,27.659574468085108,72.3404255319149
