k,inertia,silhouette,davies_bouldin,calinski_harabasz
2,2049.743942685436,0.16822356303034341,2.0747191648996623,65.26768991644839
3,1871.5174657859916,0.12225009371629747,2.27581750727747,49.619397409200886
4,1763.1924769137936,0.10755741832580766,2.224447138832309,40.99280848165932
5,1684.7484718012504,0.10194994402544674,2.4112731712243285,35.46526946204847
6,1613.7377570843146,0.10245515493706005,2.273643611289621,32.08028776753541
7,1562.8942025201318,0.0953499617185441,2.232103283654136,29.080768216187266
8,1508.626682750162,0.0866935050764978,2.1288473781870807,27.219074007405556
