metric,mean,std,min,max
accuracy,0.7320449172576832,0.07550447970021246,0.5106382978723404,0.9148936170212766
precision_condition_1,0.7860969574489562,0.09462073521908254,0.46153846153846156,1.0
recall_condition_1,0.5720202020202021,0.1548671677057157,0.18181818181818182,0.9523809523809523
f1_condition_1,0.6523677795116675,0.12472608778762975,0.26666666666666666,0.9090909090909091
roc_auc,0.805087579087579,0.08206023360451109,0.5677655677655677,0.9527272727272728
medical_cost,1.055082742316785,0.3544387731117829,0.23404255319148937,2.0
false_negatives,9.326666666666666,3.372802126340232,1.0,18.0
false_positives,3.3733333333333335,1.6034638121479416,0.0,8.0
