metric,mean,std
recall_condition_1,0.8479653679653678,0.07198596632825811
medical_cost,0.42166666666666663,0.16886222299439838
roc_auc,0.9224322344322344,0.03514652268791725
