metric,mean,std,min,max
accuracy,0.8497695035460993,0.05081622472120453,0.723404255319149,0.9583333333333334
precision_condition_1,0.8572640839778387,0.06526573757884516,0.68,1.0
recall_condition_1,0.8135209235209235,0.08533885271121282,0.5909090909090909,1.0
f1_condition_1,0.8317355378592605,0.059171095142430206,0.6842105263157895,0.9545454545454546
roc_auc,0.9159777333777334,0.035063498376970904,0.7890909090909091,0.9890909090909091
medical_cost,0.4935047281323877,0.19838902036646153,0.0851063829787234,1.0212765957446808
false_negatives,4.066666666666666,1.8669382991881096,0.0,9.0
false_positives,3.0533333333333332,1.6334862732578135,0.0,8.0
