feature,q1,q3,iqr,limite_inferior,limite_superior,outliers_iqr,porcentaje_iqr
feature_5,48.0,61.0,13.0,28.5,80.5,0,0.0
feature_6,211.0,276.0,65.0,113.5,373.5,5,1.6835016835016834
feature_10,133.0,166.0,33.0,83.5,215.5,1,0.33670033670033667
feature_11,120.0,140.0,20.0,90.0,170.0,9,3.0303030303030303
feature_13,0.0,1.6,1.6,-2.4000000000000004,4.0,5,1.6835016835016834
