feature,media,desviacion_std,umbral_z,outliers_scipy,porcentaje_scipy,qq_r_scipy
feature_5,54.54208754208754,9.049735681096763,3.0,0,0.0,0.9935585388215312
feature_6,247.35016835016836,51.997582535138974,3.0,4,1.3468013468013467,0.9714435492994378
feature_10,149.5993265993266,22.941562061360813,3.0,1,0.33670033670033667,0.9884527627354954
feature_11,131.69360269360268,17.762806366599,3.0,2,0.6734006734006733,0.9830385329948721
feature_13,1.0555555555555556,1.1661227818468956,3.0,2,0.6734006734006733,0.921102951575046
