metric,mean,std,min,max
accuracy,0.8017228132387707,0.07268507854712344,0.574468085106383,0.9361702127659575
precision_condition_1,0.8253819048368166,0.08173157667539187,0.5483870967741935,1.0
recall_condition_1,0.7281673881673882,0.14957042991607739,0.22727272727272727,1.0
f1_condition_1,0.7643334264859916,0.10761206996825244,0.3333333333333333,0.9361702127659575
roc_auc,0.8830749916749916,0.050639781008785266,0.729020979020979,0.9927272727272728
medical_cost,0.698442671394799,0.33707308755571297,0.06382978723404255,1.872340425531915
false_negatives,5.926666666666667,3.2709760189171515,0.0,17.0
false_positives,3.473333333333333,2.1447506282248043,0.0,14.0
