metric,mean,std,min,max
accuracy,0.8224881796690308,0.04953667777299815,0.6595744680851063,0.9166666666666666
precision_condition_1,0.8260251459007483,0.0714728958230486,0.65,1.0
recall_condition_1,0.7852813852813852,0.0762327739297446,0.5454545454545454,0.9545454545454546
f1_condition_1,0.8022028026655992,0.05608890140827389,0.6,0.9090909090909091
roc_auc,0.8806341325341326,0.04767083363065816,0.7063636363636363,0.9727272727272727
medical_cost,0.5725118203309691,0.1774365199470332,0.2127659574468085,1.1914893617021276
false_negatives,4.68,1.664150225536854,1.0,10.0
false_positives,3.7333333333333334,1.7596013378060804,0.0,9.0
