metric,mean,std
recall_condition_1,1.0,0.0
medical_cost,0.5400709219858156,0.007877609890611021
roc_auc,0.8463306693306695,0.050637828644946904
