metric,mean,std
recall_condition_1,0.8336796536796537,0.07232334748686314
medical_cost,0.4601063829787234,0.16812306929823773
roc_auc,0.9124331668331669,0.03810196884295404
