metric,mean,std
recall_condition_1,0.7954545454545454,0.0867684638994354
medical_cost,0.5371719858156028,0.20786763269402916
roc_auc,0.9097378621378621,0.04328322765215189
