modelo,cv_recall_condition_1_mean,cv_recall_condition_1_std,cv_roc_auc_mean,cv_medical_cost_mean,cv_false_negatives_mean,test_recall_condition_1,test_roc_auc,test_false_negatives,test_false_positives,test_medical_cost
Regresion Logistica,0.8135209235209235,0.0853388527112128,0.9159777333777334,0.4935047281323877,4.066666666666666,0.8214285714285714,0.8962053571428571,5.0,6.0,0.5166666666666667
SVM RBF,0.8066378066378066,0.0797490682197734,0.9112324897324898,0.5170212765957446,4.213333333333333,0.8571428571428571,0.8816964285714286,4.0,8.0,0.4666666666666667
KNN,0.7852813852813852,0.0762327739297446,0.8806341325341326,0.5725118203309691,4.68,0.8214285714285714,0.8487723214285716,5.0,6.0,0.5166666666666667
Naive Bayes,0.7281673881673882,0.1495704299160773,0.8830749916749916,0.698442671394799,5.926666666666667,0.8214285714285714,0.8381696428571428,5.0,5.0,0.5
Arbol de Decision,0.7192929292929292,0.0953582413274881,0.8252730047730048,0.7399379432624112,6.113333333333333,0.7857142857142857,0.8247767857142858,6.0,10.0,0.6666666666666666
Red Neuronal MLP,0.5720202020202021,0.1548671677057157,0.805087579087579,1.055082742316785,9.326666666666666,0.25,0.7142857142857143,21.0,4.0,1.8166666666666669
